strategy,f1_mean,f1_std
most_frequent,0.0,0.0
stratified,0.4452829671647107,0.005768099876735185
uniform,0.4679655800338498,0.021008466371996524
