metric,value
TN,3334.0
FP,703.0
FN,753.0
TP,2011.0
FPR,0.17413921228635126
FNR,0.27243125904486254
